1,회상,32315721,,dVDSogqs-HM,정경호,슬기로운 의사생활 시즌2 OST Part 9,https://image.bugsm.co.kr/album/images/500/204160/20416040.jpg,32315721,03:56,"길을 걸었지
누군가 옆에 있다고
느꼈을 때
나는 알아 버렸네
이미 그대 떠난 후라는 걸
나는 혼자 걷고 있던 거지
갑자기 바람이 차가와지네
마음은 얼고
나는 그곳에 서서
조금도 움직일 수 없었지
마치 얼어 버린 사람처럼
나는 놀라 서 있던 거지
달빛이 숨어 흐느끼고 있네
우 떠나 버린 그 사람
우 생각나네
우 돌아선 그 사람
우 생각나네
묻지 않았지
왜 나를 떠나느냐고
하지만 마음 너무 아팠네
이미 그대 돌아서 있는 걸
혼자 어쩔 수 없었지
미운 건 오히려 나였어
우 떠나 버린 그 사람
우 생각나네
우 돌아선 그 사람
우 생각나네
묻지 않았지
왜 나를 떠나느냐고
하지만 마음 너무 아팠네
이미 그대 돌아서 있는 걸
혼자 어쩔 수 없었지
미운 건 오히려 나였어
미운 건 오히려 나였어"
2,Bad Habits,81412625,,peduX3Ivqnk,Ed Sheeran(에드 시런),Visiting Hours,https://image.bugsm.co.kr/album/images/500/157963/15796389.jpg,81412625,03:51,"


(One two three four)
Ooh ooh
Every time you come around
You know I can't say no
Every time the sun goes down
I let you take control
I can feel the paradise
Before my world implodes
And tonight I had something wonderful
My bad habits lead to late nights
Endin' alone
Conversations with a stranger I barely know
Swearin' this will be the last
But it probably won't
I got nothin' left to lose or use or do
My bad habits lead to
Wide eyes stare into space
And I know I'll lose control
Of the things that I say
Yeah I was lookin' for a way out
Now I can't escape
Nothin' happens after two
It's true it's true
My bad habits lead to you
Ooh ooh ooh ooh
My bad habits lead to you
Ooh ooh ooh ooh
My bad habits lead to you
Every pure intention ends
When the good times start
Fallin' over everything
To reach the first time's spark
It started under neon lights
And then it all got dark
I only know how to go too far
My bad habits lead to late nights endin' alone
Conversations with a stranger I barely know
Swearin' this will be the last
But it probably won't
I got nothin' left to lose or use or do
My bad habits lead to
Wide eyes stare into space
And I know I'll lose control
Of the things that I say
Yeah I was lookin' for a way out
Now I can't escape
Nothin' happens after two it's true, it's true
My bad habits lead to you
Ooh ooh ooh ooh
My bad habits lead to you
Ooh ooh ooh ooh
We took the long way 'round
And burned 'til the fun ran out now
My bad habits lead to late nights, endin' alone
Conversations with a stranger I barely know
Swearin' this will be the last
But it probably won't
I got nothin' left to lose or use or do
My bad habits lead to
Wide eyes stare into space
And I know I'll lose control
Of the things that I say
Yeah I was lookin' for a way out
Now I can't escape
Nothin' happens after two it's true it's true
My bad habits lead to you
Ooh ooh ooh ooh
My bad habits lead to you
Ooh ooh ooh ooh
My bad habits lead to you..


...*"
5,넌 좋은 사람,6119778,,LsOSeaNZFD8,SG워너비,넌 좋은 사람,https://image.bugsm.co.kr/album/images/500/40565/4056520.jpg,6119778,04:07,"평생 살아가다 수 많은 인연
그 중에 너를 만난 건
어떤 말로도 어떤 표현도 전할 수 없어 난
가만히 널 바라보면서
너의 손을 잡고서
우리가 함께한 시간들로
너를 위한 노래할게
바라만봐도 넌 좋은 사람
행복해서 눈물 나는 사람
너는 나에게 전부가 되고
선물같은 하루를 주고
괜히 울컥해지는
눈물나는 날에는
언제나 내 곁에 기대어 넌 편히 쉬면 돼
때론 아플때마다
날 안아준 너로 인해 버텨냈어
별 볼 일 없던 하루가 왠지
특별해지니까
나의 품에서 오래오래
마음껏 사랑받길
한없이 너에게 주고 싶어
너를 안아주고 싶어 MY LOVE
바라만봐도 넌 좋은 사람
행복해서 눈물 나는 사람
너는 나에게 전부가 되고
선물같은 하루를 주고
괜히 울컥해지는
눈물나는 날에는
언제나 내 곁에 기대어 넌 편히 쉬면 돼
오랜 시간이 지나
내 옆에 미소 띤 한사람
너라면 좋겠어
나에겐 첫 사람 너이니까 약속해
I wanna love with you everyday
I'll be there for you
별처럼 빛나는 그런 사람
나를 빛나게 만드는 사람
사랑 그대로의 사랑으로
너를 영원히 지켜줄게
세상에 소리쳐
너를 사랑한다는 그말
너라서 고마워 나에게 선물 같은 사람
내 곁에서 날 믿어주는 넌 좋은 사람"
6,기억을 걷는 시간,1552545,,8vL_nWjFTPk,넬(NELL),멀어지다  ,https://image.bugsm.co.kr/album/images/500/1560/156040.jpg,1552545,05:13,"아직도 너의 소리를 듣고
아직도 너의 손길을 느껴
오늘도 난 너의 흔적 안에 살았죠
아직도 너의 모습이 보여
아직도 너의 온기를 느껴
오늘도 난 너의 시간 안에 살았죠
길을 지나는 어떤 낯선 이의
모습 속에도
바람을 타고 쓸쓸히 춤추는
저 낙엽 위에도
뺨을 스치는 어느 저녁에
그 공기 속에도
내가 보고 듣고 느끼는 모든것에
니가 있어 그래
어떤가요 그댄 어떤가요 그댄
당신도 나와 같나요
어떤가요 그댄
지금도 난 너를 느끼죠
이렇게 노랠 부르는 지금 이 순간도
난 그대가 보여
내일도 난 너를 보겠죠
내일도 난 너를 듣겠죠
내일도 모든게 오늘 하루와 같겠죠
길을 지나는 어떤 낯선 이의
모습 속에도
바람을 타고 쓸쓸히 춤추는
저 낙엽 위에도
뺨을 스치는 어느 저녁에
그 공기 속에도
내가 보고 듣고 느끼는 모든것에
니가 있어 그래
어떤가요 그댄 어떤가요 그댄
당신도 나와 같나요
어떤가요 그댄
길가에 덩그러니 놓여진
저 의자 위에도
물을 마시려 무심코 집어든
유리잔 안에도
나를 바라보기 위해
마주한 그 거울 속에도
귓가에 살며시 내려앉은
음악 속에도 니가 있어
어떡하죠 이젠 어떡하죠 이젠
그대는 지웠을텐데
어떡하죠 이제 우린
(랄라라 라랄라랄라)
(랄라라 라랄라랄라)
(랄라라 라랄라랄라)
어떡하죠 이젠
(랄라라 라랄라랄라)
(랄라라 라랄라랄라)
(랄라라 라랄라랄라라)
어떡하죠 이젠
그리움의 문을 열고
너의 기억이 날 찾아와
자꾸 눈시울이 붉어져
어떡하죠 이젠
그리움의 문을 열고
너의 기억이 날 찾아와
자꾸만 가슴이 미어져
어떡하죠 이젠
그리움의 문을 열고
너의 기억이 날 찾아와
자꾸 눈시울이 붉어져
어떡하죠 이젠
그리움의 문을 열고
너의 기억이 날 찾아와
자꾸만 가슴이 미어져
어떡하죠 이젠
(랄라라 라랄라랄라)
(랄라라 라랄라랄라)
(랄라라 라랄라랄라)"
7,Next Level,32235760,,dly3BvtmXbA,aespa,Next Level,https://image.bugsm.co.kr/album/images/500/203973/20397321.jpg,32235760,03:41,"I'm on the Next Level Yeah
절대적 룰을 지켜
내 손을 놓지 말아
결속은 나의 무기
광야로 걸어가
알아 네 Home ground
위협에 맞서서
제껴라 제껴라 제껴라
상상도 못한 Black out
유혹은 깊고 진해
(Too hot too hot)
맞잡은 손을 놓쳐
난 절대 포기 못해
I'm on the Next Level
저 너머의 문을 열어
Next Level
널 결국엔 내가 부셔
Next Level
KOSMO에 닿을 때까지
Next Level
제껴라 제껴라 제껴라
La la la la la la
La la la la la la
La la la la la la
La la la la la
I see the NU EVO.
적대적인 고난과 슬픔은
널 더 Popping 진화시켜
That's my naevis It's my naevis
You lead, we follow
감정들을 배운 다음
Watch me while I make it out
Watch me while I work it out
Watch me while I make it out
Watch me while I work it out
Work it work it work it out
감당할 수 없는 절망도
내 믿음을 깨지 못해
더 아픈 시련을 맞아도
난 잡은 손을 놓지 않을게 Oh
절대로 뒤를 돌아보지 말아
광야의 것 탐내지 말아
약속이 깨지면
모두 걷잡을 수 없게 돼
언제부턴가 불안해져 가는 신호
널 파괴하고 말 거야
(We want it)
Come on
Show me the way to KOSMO Yeah
Black Mamba가 만들어낸 환각 퀘스트
aespa, ae를 분리시켜놓길 원해 그래
중심을 잃고 목소리도 잃고 비난받고
사람들과 멀어지는 착각 속에
naevis 우리 ae, ae 들을 불러봐
aespa의 Next Level P.O.S를 열어봐
이건 REAL WORLD 깨어났어
We against the villain
What's the name?
Black Mamba
결국 난 문을 열어
그 빛은 네겐 Fire
(Too hot too hot)
난 궁금해 미치겠어
이다음에 펼칠 Story
Huh
I'm on the Next Level
저 너머의 문을 열어
Next Level
널 결국엔 내가 부셔
Next Level
KOSMO에 닿을 때까지
Next Level
제껴라 제껴라 제껴라
I'm on the Next Level
더 강해져 자유롭게
Next Level
난 광야의 내가 아냐
Next Level
야수 같은 나를 느껴
Next Level
제껴라 제껴라 제껴라
Huh"
8,Love On Top,2379929,,M8MrF-dNzzs,Beyoncé(비욘세),4,https://image.bugsm.co.kr/album/images/500/2915/291542.jpg,2379929,04:27,"Bring the beat in
Honey honey
I can see the stars all the way from here
Can't you see the glow on the window pane?
I can feel the sun whenever you're near
Every time you touch me I just melt away
Now everybody asks me
Why I'm smiling out from ear to ear
(They say love hurts)
But I know
(It's gonna take the real work)
Nothing's perfect
But it's worth it after fighting through my tears
And finally you put me first
Baby it's you
You're the one I love
You're the one I need
You're the only one I see
Come on baby it's you
You're the one that gives your all
You're the one I can always call
When I need you make everything stop
Finally you put my love on top
Ooo come on baby
You put my love on top top top top top
You put my love on top
Ooo ooo come on baby
You put my love on top top top top top
My love on top
My love on top
Come on baby
I can feel the wind whipping past my face
As we dance the night away
Boy your lips taste like a night of champagne
As I kiss you again and again
And again and again
Now everybody asks me
Why I'm smiling out from ear to ear
(They say love hurts)
But I know
(It's gonna take the real work)
Nothing's perfect
But it's worth it after fighting through my tears
And finally you put me first
Baby it's you
You're the one I love
You're the one I need
You're the only one I see
Come on baby it's you
You're the one that gives your all
You're the one I can always call
When I need you make everything stop
Finally you put my love on top
Ooo baby
You put my love on top top top top top
You put my love on top
Ooo ooo come on baby
You put my love on top top top top top
My love on top
Baby it's you
You're the one I love
You're the one I need
You're the only thing I see
Come on baby it's you
You're the one that gives your all
You're the one I that always calls
When I need you baby everything stops
Finally you put my love on top
The one I love
Baby you're all I need
You're the only one I see
Come on baby it's you
You're the one that gives your all
You're the one I always call
When I need you everything stops
Finally you put my love on top
Baby
Cuz you're the one that I love
You're the one that I need
You're the only thing I see
Baby baby it's you
You're the one that gives your all
You're the one that always calls
When I need you everything stops
Finally you put my love on top
Baby
Cuz you're the one that I love
You're the one that I need
You're the only thing I see
Baby baby it's you
You're the one that gives your all
You're the one that always calls
When I need you everything stops
Finally you put my love on top"
9,ONLY,32321826,,S9UV-5KqP44,이하이,ONLY,https://image.bugsm.co.kr/album/images/500/204175/20417524.jpg,32321826,04:00,"Be my only one
이렇게 부르고 싶은 이름 내 곁에
손을 잡고서 같이 걸어요
비가 오는 밤에도 외로웠던 낮에도
그대 환한 빛깔을 내게 가득 칠해줘요
내가 더 잘할게요 이렇게 같이 있어준다면
Now I believe
라랄라랄라라 부르는 노래
찾고 찾고 찾아 헤매이던 그대와
My oh my oh my oh 내 사랑
Be my only love
걸어 걸어가는 발걸음마다
기분 좋아 꼭 둘이서 추는 춤 같아
My oh my oh my oh 내 사랑
Be my only love
Be my only one
이제는 숨기지 않고도 말할 수 있어
그렇게나 말하고 싶던 I say I love you
쉬고 싶은 밤에도 바쁘던 아침에도
그대 내게 쉴 곳을 마음속에 마련해요
내가 더 잘할게요 그 맘을 내게 나눠준다면
Now I believe
라랄라랄라라 부르는 노래
찾고 찾고 찾아 헤매이던 그대와
My oh my oh 내 사랑 Be my only love
My only one 그대를 보면
기대고 싶어 가지고 싶어
이 사랑이라면 어설픈 꿈도
이뤄질 것 같은데
Now I believe
걸어걸어 가는 발걸음마다
기분 좋아 꼭 둘이서 추는 춤 같아
My oh my oh my oh 내 사랑
Be my only love
'My only one'"
10,OHAYO MY NIGHT,31947650,,N6ElB8ysTXM,디핵(D-Hack),OHAYO MY NIGHT,https://image.bugsm.co.kr/album/images/500/203326/20332694.jpg,31947650,03:58,"너를 사랑하고 있어
너를 사랑하고 있어
자기야 날 사랑해주면 안 될까?
말처럼 쉽지는 않은 걸 알지만
세게 날 안아주면 안 될까?
오늘따라 세상이 무섭단 말이야
잠깐 인공호흡을 해주라
왠지 숨이 잘 안 쉬어져서 난
날 놓을 거면 과거에 놔주라
네가 있는 시간에서 죽어갈 거야
우리 그냥 결혼하면 안 될까?
돈은 내가 열심히 벌 테니까
이 세상과 내가 눈감는 날
까지만 날 사랑한다 말해주라
내가 너를 사랑해도
네가 날 안 사랑해도
우린 나름대로 행복할 거야
내 방 천장에 그려 본 내 우주에게 물어본
말은 나를 사랑하면 안 될까?
오사카나 오키나와의 바다
내 뮤비들을 찍었던 곳 말이야
같이 가자 약속했었잖아
그 약속이 깨질까 봐 겁이 나
WHUTUF이 결혼한다 하던 날
진짜 처음으로 걔가 부럽더라
하얀 웨딩드레스를 입은 아름다운
너와 영원을 말할 수 있을까?
가족이 되어주라
내 집이 되어주라
나도 날 줄 테니 너도 널 주라
평생의 연인이야
네 말대로 말이야
그래 별과 우주잖아
날 사랑하지 않는다면
나의 사랑 반을 받아
남은 사랑의 반도
내가 채워줄 거야 꼭
내가 너를 사랑해도
네가 날 안 사랑해도
우린 나름대로 행복할 거야
내 방 천장에 그려 본 내 우주에게 물어본
말은 나를 사랑하면 안 될까?
내가 너를 사랑해도
네가 날 안 사랑해도
우린 나름대로 행복할 거야
내 방 천장에 그려 본 내 우주에게 물어본
말은 나를 사랑하면 안 될까?"
13,비상,74600,,1jSPYwGscJ0,임재범,Desire To Fly,https://image.bugsm.co.kr/album/images/500/46/4657.jpg,74600,04:29,"누구나 한번쯤은 자기만의 세계로
빠져들게 되는 순간이 있지
그렇지만 나는 제자리로 오지 못했어
되돌아 나오는 길을 모르니

너무 많은 생각과 너무 많은 걱정에
온통 내자신을 가둬두었지
이젠 이런 내모습 나조차 불안해 보여
어디부터 시작할지 몰라서

나도 세상에 나가고 싶어
당당히 내 꿈들을 보여줘야 해
그토록 오랫동안 움츠렸던 날개
하늘로 더 넓게 펼쳐 보이며 날고싶어

감당할 수 없어서 버려둔 그 모든건
나를 기다리지 않고 떠났지
그렇게 많은 걸 잃었지만 후회는 없어
그래서 더 멀리 갈 수 있다면

상처받는 것보단 혼자를 택한거지
고독이 꼭 나쁜 것은 아니야 
외로움은 나에게 누구도 말하지 않은
소중한 것 깨닫게 했으니까

이젠 세상에 나갈 수 있어
당당히 내 꿈들을 보여줄거야
그토록 오랫동안 움츠렸던 날개
하늘로 더 넓게 펼쳐 보이며

다시 새롭게 시작할거야
더이상 아무것도 피하지 않아
이세상 견뎌낼 그 힘이 되줄거야
힘겨웠던 방황은
"
14,고백,6127040,,UhY0x9jN_uE,멜로망스(MeloMance),세 번째 '고백',https://image.bugsm.co.kr/album/images/500/40643/4064302.jpg,6127040,03:54,"달이 차고 내 마음도 차고
이대로 담아 두기엔
너무 안타까워
너를 향해 가는데
달은 내게 오라 손짓하고
귓속에 얘길 하네
지금 이 순간이
바로 그 순간이야
제일 마음에 드는 옷을 입고
노란 꽃 한 송이를 손에 들고
널 바라 보다 그만
나도 모르게 웃어버렸네
이게 아닌데
내 마음은 이게 아닌데
널 위해 준비한 오백 가지
멋진 말이 남았는데
사랑한다는
그 흔한 말이 아니야
그 보단 더욱더 로맨틱하고
달콤한 말을 준비했단 말야
숨이 차고 밤 공기도 차고
두 눈을 감아야만
네 모습이 보여
걸을 수가 없는데
구름 위를 걷는다는 말이
과장이 아니란 걸 알게 됐어
널 알게 된 후부터 나의 모든 건
다 달라졌어
이게 아닌데
내 마음은 이게 아닌데
널 위해 준비한 오백 가지
멋진 말이 남았는데
사랑한다는 그 흔한 말이 아니야
그 보단 더욱더 로맨틱하고
달콤한 말을 준비했단 말야
나를 봐줘요 내 말을 들어봐 줘요
아무리 생각을 하고 또 해도
믿어지지 않을 만큼 사랑해"
15,빨간 립스틱 (Feat. 윤미래),6127599,,qY89lNstO7w,이하이,4 ONLY,https://image.bugsm.co.kr/album/images/500/204175/20417524.jpg,6127599,03:07,"오늘 밤은 이 분위기에 취해
아무런 생각 없이 Groove it
고민하지 마 Just do it
Move your body like that
비틀거리면 어때 I like that yeah
Let me blow your mind
지루한 사람들 속 넌 마치 Friday night
So take my hand 내 맘을 흔들어봐
빨간 립스틱
진하게 바르고
So dance dance dance keep on
Dance dance dance people
빨간 립스틱
너 때문에 번져도
Just dance dance dance keep on
Dance dance dance people
나와 나만의 Baby boo
사랑은 Forever
누구도 방해할 수 없지
Stop it they could never
But never mind that 지금 Rewind that
이 노래처럼 다시 한 번 더 Play back
Spin me round and round
몸을 Up and down
이 밤이 지나가기 전에 Do it right now
이 분위기 그대로 Turn the music up
Cus the party ain't a party
Till we all turned off
Gonna lose your mind
꺼지지 않는 불빛 속에 서울의 밤
So take my hand 네 몸을 흔들어봐
빨간 립스틱
진하게 바르고
So dance dance dance keep on
Dance dance dance people
빨간 립스틱
너 때문에 번져도
Just dance dance dance keep on
Dance dance dance people
이 밤이 지나가기 전에 Do it right now
느낌이 와 너와 나 사이 Something so loud
그 입술로 내게 사랑한다고 말해 Oh babe
빨간 립스틱
진하게 바르고
So dance dance dance keep on
Dance dance dance people
빨간 립스틱
너 때문에 번져도
Just dance dance dance keep on
Dance dance dance people
La di da li
Move your body
Don't stop 우리 하나 될 때 까지
6 in the morning and we still going
Dance dance dance people
La di da li
Move your body
Don't stop 우리 하나 될 때 까지
6 in the morning and we still going
Dance dance dance people
화려한 디스코 조명 아래서
너와 나 둘이 이 밤을 새워
화려한 디스코 빛을 받으며
Just dance dance dance keep on
Dance dance dance people"
16,시간이 흐른 뒤 (As Time Goes By),105886,,njmMqwtCNEc,윤미래,As Time Goes By,https://image.bugsm.co.kr/album/images/500/32/3279.jpg,105886,04:28,"마지못해 살아가겠지 너 없이도 
매일 아침 이렇게 일어나 
밤새 조금씩 더 무뎌져버린 
기억속에서 
애써 너의 얼굴을 꺼내어 보겠지 
시간이란 누구에게나 
느린 아픔을 주는지 우 
힘든 하루속에도 늘 
니 생각뿐인 난 
눈물마져도 말라가는데

As Time Goes By 
난 그게 두려운걸 
니 안에서 나의 모든게 
없던 일이 될까봐 우~ 
눈 감으면 늘 선명하던 니가 
어느 순간 사라질까봐 
정말 겁이 나는걸 

이별이란 서로에게서 
지워지는거라지만 우 
많은 사람 속에도 늘 
니 걱정뿐인 난 
시간 마져도 붙잡고 싶은데 

As Time Goes By 
난 그게 두려운걸 
니 안에서 나의 모든게 
없던 일이 될까봐 우~ 
눈 감으면 늘 선명하던 니가 
어느 순간 사라질까봐 
정말 겁이 나는걸 
 
어느 순간 사라지게 될까봐 우 
내가 없는 세상이 
너는 괜찮은건지 
너에게 잊을만한 
추억일 뿐인지 
참으려 애를 써도 
늘 보고픈 나는 
니가 아니면 안될것 같은데 
You Are The One 

As Time Goes By 
난 여기 있어줄께 
셀 수 없는 밤이 지나도 
사랑했던 그대로 우 
혹시라도 너 돌아오게 되면 
단 한번에 나를 
찾을 수 있게 
As Time Goes By
"
17,"Good Bye Sadness, Hello Happiness",80304462,,dEZdjedLEj8,윤미래,T3 - Yoon Mi Rae,https://image.bugsm.co.kr/album/images/500/80249/8024912.jpg,80304462,04:38,"
And now it's Over 사랑은 끝났어 
우리 추억은 여기까진가 봐
영원하라 했던 말 I so love you 
이젠 시간 속으로 흩어져가

함께 했었던 세상의 모든 곳
우리 흔적도 지워져 가겠지
행복했던 시간아 이젠 안녕 
부디 슬픔 없는 곳에서 살아가줘

Good bye sadness, be on your way 눈물을 감추고
Hello my happiness, you're here to stay 
내 곁에 있어줘
언젠가 내 생에 가장 멋진 순간
그 땐 우리 빛나던 사랑을 그리워하겠지


함께 했었던 세상의 모든 곳 소중하게 사진을 찍어둬
행복했던 시간아 이젠 안녕 
너를 영원히 가슴속에 간직할게

Good bye sadness, be on your way 눈물을 감추고
Hello my happiness, you're here to stay 
내 곁에 있어줘
언젠가 내 생에 가장 멋진 순간
그 때는 우리 추억을 꺼내 봐도 되겠지


부디 내 기억들아 떠나지 말아줘 
니가 없인 내 행복도 없으니

Good Bye sadness, be on your way 눈물을 감추고
Hello my happiness, you're here to stay 
내 곁에 있어줘
언젠가 내 생에 가장 멋진 순간
그 때는 우리 사랑을 꺼내 봐도 되겠지


슬픔아 이젠 안녕
"
18,산책,32333012,,bJjcdw-w3Hs,백예린 (Yerin Baek),선물,https://image.bugsm.co.kr/album/images/500/204200/20420099.jpg,32333012,03:25,"한적한 밤 산책하다 보면
어김없이 생각나는 얼굴
반짝이는 별을 모아 그리는 그런 사람
좁다란 길 향기를 채우는
가로등 빛 물든 진달래꽃
이 향기를 그와 함께 맡으면 참 좋겠네
보고 싶어라 그리운 그 얼굴
물로 그린 그림처럼 사라지네
보고 싶어라
오늘도 그 사람을 떠올리려
산책을 하네
대기는 차갑게 감싸고
생생하게 생각나는 그때
안타까운 빛나던 시절 뒤로하고 가던
보고 싶어라 그리운 그 얼굴
물로 그린 그림처럼 사라지네
보고 싶어라
오늘도 그 사람을 떠올리려
산책을 하네
따뜻한 손 그리고 그 감촉
내가 쏙 들어앉아 있던 그 눈동자
그 마음 아무것도 바라지 않고
사랑을 주던 그가 보고 싶어지네
그리운 그 얼굴 물로 그린 그림처럼 사라지네
보고 싶어라
오늘도 그 사람을 떠올리려 산책을 하네
오늘도 산책을 하네
오늘도 산책을 하네"
19,Antifreeze,32333008,,aK6XLrlT5ew,백예린 (Yerin Baek),선물,https://image.bugsm.co.kr/album/images/500/204200/20420099.jpg,32333008,04:05,"우린 오래전부터 어쩔 수 없는 거였어
우주 속을 홀로 떠돌며 많이 외로워하다가
어느 순간 태양과 달이 겹치게 될 때면
모든 것을 이해할 수 있을 거야
하늘에선 비만 내렸어
뼈 속까지 다 젖었어
얼마 있다 비가 그쳤어
대신 눈이 내리더니
영화서도 볼 수 없던 눈보라가 불 때
너는 내가 처음 봤던 눈동자야
낯익은 거리들이 거울처럼 반짝여도
니가 건네주는 커피 위에 살얼음이 떠도
우리 둘은 얼어붙지 않을 거야
바다 속의 모래까지 녹일 거야
춤을 추며 절망이랑 싸울 거야
얼어붙은 아스팔트 도시 위로
숨이 막힐 거 같이 차가웠던 공기 속에
너의 체온이 내게 스며들어 오고 있어
우리 둘은 얼어붙지 않을 거야
바다 속의 모래까지 녹일 거야
춤을 추며 절망이랑 싸울 거야
얼어붙은 아스팔트 도시 위로
너와 나의 세대가 마지막이면 어떡해
또 다른 빙하기가 찾아오면 어떡해
긴 세월에 변하지 않을 그런 사랑은 없겠지만
그 사랑을 기다려줄 그런 사람을 찾는 거야
긴 세월에 변하지 않을 그런 사랑은 없겠지만
그 사랑을 기다려줄 그런 사람을 찾는 거야
긴 세월에 변하지 않을 그런 사랑은 없겠지만
그 사랑을 기다려줄 그런 사람을 찾는 거야
긴 세월에 변하지 않을 그런 사랑은 없겠지만
그 사랑을 기다려줄 그런 사람을 찾는 거야"
21,Levitating,5881425,,FpnAruRPEew,Dua Lipa(두아 리파),Future Nostalgia,https://image.bugsm.co.kr/album/images/500/9482/948296.jpg,5881425,03:23,"If you wanna run away with me
I know a galaxy
And I could take you for a ride
I had a premonition that
We fell into a rhythm
Where the music don't stop for life
Glitter in the sky glitter in my eyes
Shining just the way you like
If you're feeling like
You need a little bit of company
You met me at the perfect time
You want me I want you baby
My sugar boo I'm levitating
The Milky Way we're renegading
Yeah yeah yeah yeah yeah
I got you moonlight you're my starlight
I need you all night come on dance with me
I'm levitating
You moonlight you're my starlight
I need you all night come on dance with me
I'm levitating
I believe that you're for me
I feel it in our energy
I see us written in the stars
We can go wherever
So let's do it now or never
Baby nothing's ever ever too far
Glitter in the sky glitter in our eyes
Shining just the way we are
I feel like we're forever
Every time we get together
But whatever let's get lost on Mars
You want me I want you baby
My sugar boo I'm levitating
The Milky Way we're renegading
Yeah yeah yeah yeah yeah
I got you moonlight you're my starlight
I need you all night come on dance with me
I'm levitating
You moonlight you're my starlight
I need you all night come on dance with me
I'm levitating
You could fly away with me tonight
You could fly away with me tonight
Baby let me take you for a ride
Yeah yeah yeah yeah yeah
I'm levitating (Woo)
You could fly away with me tonight
You could fly away with me tonight
Baby let me take you for a ride
Yeah yeah yeah yeah yeah (Woo)
My love is like a rocket watch it blast off
And I'm feeling so electric
Dance our ass off
And even if I wanted to I can't stop
Yeah yeah yeah yeah yeah
My love is like a rocket watch it blast off
And I'm feeling so electric
Dance my ass off
And even if I wanted to I can't stop
Yeah yeah yeah yeah yeah
You want me I want you baby
My sugar boo I'm levitating
The Milky Way we're renegading
I got you moonlight you're my starlight
I need you all night (All night)
Come on dance with me
I'm levitating
You could fly away with me tonight
You could fly away with me tonight
Baby let me take you for a ride
Yeah yeah yeah yeah yeah
I'm levitating (Woo)
You could fly away with me tonight
You could fly away with me tonight
Baby let me take you for a ride
Yeah yeah yeah yeah yeah (Woo)
I got you moonlight
You're my starlight (You're my starlight)
I need you all night come on dance with me
I'm levitating
You moonlight you're
My starlight (You the moonlight)
I need you all night come on dance with me
I'm levitating"
22,My Universe,83012418,,2TTZsp29LwU,Coldplay(콜드플레이),My Universe,https://image.bugsm.co.kr/album/images/500/161839/16183960.jpg,83012418,03:47,"You you are my universe and
I just want to put you first
And you you are my universe and I
In the night I lie and look up at you
When the morning comes I watch you rise
There's a paradise they couldn't capture
That bright infinity inside your eyes
매일 밤 네게 날아가 (가)
꿈이란 것도 잊은 채
나 웃으며 너를 만나 (나)
Never ending forever baby
You you are my universe and
I just want to put you first
And you you are my universe and
You make my world light up inside
어둠이 내겐 더 편했었지
길어진 그림자 속에서 (Eyes)
And they said that we can't be together
Because
Because we come from different sides
You you are my universe and
I just want to put you first
And you you are my universe and
You make my world light up inside
My universe (Do do do do)
My universe (Do do do do)
My universe (Do do do do)
(You make my world)
You make my world light up inside
Make my world light up inside
나를 밝혀주는 건
너란 사랑으로 수 놓아진 별
내 우주의 넌
또 다른 세상을 만들어 주는 걸
너는 내 별이자 나의 우주니까
지금 이 시련도 결국엔 잠시니까
너는 언제까지나 지금처럼 밝게만 빛나줘
우리는 너를 따라 이 긴 밤을 수놓을 거야
너와 함께 날아가 (가)
When I'm without you I'm crazy
자 어서 내 손을 잡아 (아)
We are made of each other baby
You you are my universe and
I just want to put you first
And you you are my universe and
You make my world light up inside
My universe (You you are)
My universe (I just want)
My universe (You you are)
My universe and I
My universe"
23,한번 더 이별,80370632,,xm36eUGLVkI,성시경,한번 더 이별 ,https://image.bugsm.co.kr/album/images/500/80305/8030528.jpg,80370632,04:32,"뒤돌아보면 너의 생각을 
떠올린 게 언제였더라 
숨 가쁘게 사는 건 무디게 했어
끝나지 않을 것만 같던 그리움

모른 척 너란 사람 묻어주던 친구들은 
이제는 슬며시 네 안부 전하고
이젠 떨리지 않아 침착히 고개 끄덕인 
나의 모습은 널 잊은 걸까 

다시 못 보는 너 남의 사람인 너 견디기엔 
미칠 것만 같던 이별의 그날들이 떠나가요
추억너머 그저 기억으로만 지나간 사람으로만 
이제는 너라고 말하지 않겠어요
그 어디에 살더라도 제발 나쁜 안부 안 들리게

뒤돌아보면 그대 추억이 
사라지면 비어버리는 
나의 계절들이 맘에 걸려도 
그리움 멈추는 게 나는 좋아요

못 본 척 나의 눈물 가려 주던 친구들은 
이제는 웃으며 그 얘길 꺼내고 
나도 웃음으로 받아 줄 수 있었던 오늘 
우리 한 번 더 이별 할까요 

다시 못 볼 그대 남의 사람 그대 견디기엔 
미칠 것만 같던 이별의 그날들이 떠나가요
추억너머 그저 기억으로만 지나간 사람으로만 
이젠 그대라고도 말하지 않겠어요

이제서야 안녕 한번도 안했던 말 안녕 
다시 올 것 같던 나 혼자만의 오랜 기대였던
그 날들이 내겐 필요 했어요 
많은 걸 깨닫게 했던 
그 이별을 난 한번 더 오늘 할게요
그 어디에 살더라도 제발 나쁜 안부 안 들리게
"
24,Wherever You Are,2656642,,tBo-g_bWDdQ,One OK Rock(원오크락),Nicheシンドロ-ム (Niche Syndrome),https://image.bugsm.co.kr/album/images/500/3296/329672.jpg,2656642,04:55,"I'm telling you

I softly whisper

Tonight tonight

You are my angel

愛してるよ
아이시테루요
사랑해

2人は一つに
후타리와 히토츠니
두 사람은 하나로

Tonight tonight
I just say

Wherever you are, I always make you smile

Wherever you are, I'm always by your side

Whatever you say, 君を思う気持ち
Whatever you say, 키미오 오모우키모치
Whatever you say, 너를 생각하는 마음

I promise you""forever""right now
I don't need a reason
I just want you baby
Alright alright
Day after day

この先長いことずっと
코노사키 나가이코토 즛토
앞으로 긴 시간동안

どうかこんな僕とずっと
도우카 콘나보쿠토 즛토
제발 이런 나와 계속

死ぬまで Stay with me
시누마데 Stay with me
죽을 때까지 Stay with me

We carry on…


Wherever you are, I always make you smile

Wherever you are, I'm always by your side

Whatever you say, 君を思う気持ち
Whatever you say,  키미오 오모우키모치
Whatever you say, 널 생각하는 마음

I promise you""forever""right now

Wherever you are, I never make you cry

Wherever you are, I never say goodbye
 
Whatever you say, 君を思う気持ち
Whatever you say,  키미오 오모우키모치
Whatever you say, 널 생각하는 마음

I promise you""forever""right now

僕らが出逢った日は2人にとって一番目の記念すべき日だね
보쿠라가데앗타히와 후타리니톳테 이치방메노키넨스베키히다네
우리가 만난 날은 둘에게 있어 첫 번째로 기념해야할 날이야

そして今日という日は2人にとって二番目の記念すべき日だね
소시테 쿄토이우히와후타리니톳데 니방메노 키넨스베키히다네
그리고 오늘이란 날은 둘에게 있어 두 번째로 기념해야할 날이야


心から愛せる人
코코로카라 아이세루히토
진심으로 사랑할 수 있는 사람

心から愛しい人
코코로카라 이토시이히토
진심으로 사랑스러운 사람

この僕の愛の真ん中にはいつも君がいるから
코노보쿠노아이노만나카니와 이츠모키미가이루카라
내 사랑의 한가운데엔 언제나 네가 있기에

Wherever you are, I always make you smile

Wherever you are, I'm always by your side

Whatever you say, 君を思う気持ち
Whatever you say,  키미오 오모우키모치
Whatever you say, 널 생각하는 마음
 
I promise you""forever""right now

Wherever you are

Wherever you are

Wherever you are.."
26,We Are,4843907,,YYw_kutTRcA,One OK Rock(원오크락),Ambitions,https://image.bugsm.co.kr/album/images/500/6018/601891.jpg,4843907,04:15,"We are we are
We are we are

They think that we're no one
We`re nothing not sorry
They push us
It’s too late it’s too late
Not going back
They think we are made up
Of all of our failures
They think we are foolish
And that’s how the story goes

They stand for nothing
They’re lifeless and cold
Anything they say
Will never break our hearts of gold

When you’re standing on the edge
So young and hopeless
Got demons in your head
We are we are
No ground beneath your feet
Not here to hold you
‘Cause we are we are
The colors in the dark

Now covered in madness
But they just can’t hurt us
They tell us were nothing
Keep walking and let it go

They are the weakest
And don’t even know
Anything they say
Will never break our hearts of gold

When you’re standing on the edge
So young and hopeless
Got demons in your head
We are we are
No ground beneath your feet
Not here to hold you
‘Cause we are we are
The colors in the dark

Never tell yourself
You should be someone else
Stand up tall and say
I’m not afraid I’m not afraid
So never tell yourself
You should be someone else
Stand up tall and say
I’m not afraid I’m not afraid

When you’re standing on the edge
So young and hopeless
Got demons in your head
We are we are
No ground beneath your feet
Not here to hold you
‘Cause we are we are
The colors in the dark"
27,I Was King,4833755,,7Bz4IRc7ORU,One OK Rock(원오크락),Ambitions,https://image.bugsm.co.kr/album/images/500/6018/601891.jpg,4833755,03:58,"We said tonight
No going back
Nothing seems right
Stuck in the past

When am I, when am I
Gonna start living?
When am I, when am I
Gonna move on?
When am I, when am I
Gonna kill this feeling?
When am I, when am I
Gonna stop this dreaming?

When I was king
I was king
We had everything

When I was king
I was king
We had everything

Don't wanna go
I'm holding on tight
Something to live for
Make it our nights

(Shut down the sirens in our heads)

When I was king
I was king
We had everything

When I was king
I was king
We had everything

When am I, when am I
Gonna stop this dreaming?
I was king

If I go down
I will go down fighting
I'll go down
Down like lightning

If I go down
I will go down fighting
I'll go down
Down like lightning

If I go down
I will go down fighting
I'll go down
Down like lightning

When am I when am I
Gonna start living?
When am I when am I
Gonna move on?
When am I when am I
Gonna kill this feeling?
When am I when am I
Gonna stop this dreaming?

When I was king
I was king
I was king
We had everything

When am I when am I
Gonna stop this dreaming?
When I was king"
28,찰나가 영원이 될 때 (The Eternal Moment),6128861,,W-Dov3iEkpI,마크툽(MAKTUB),Red Moon : Beyond The Light,https://image.bugsm.co.kr/album/images/500/40650/4065043.jpg,6128861,04:04,"서로를 향한 마음이
우주의 작은 뭉쳐짐이라면
이 아름다운 기억이 흩어져도
사라지진 않을 거야

잠들지 못한 바람은
고요히 빛나는 너의 바다로
그 안에 잠겨
죽어도 좋으니 나
네 품에 안겨

너의 이름이 긴 밤을 지나
찰나가 영원이 될 때
얼마나 내가 널 좋아하면
달에 네 목소리가 보여

오색 빛 하늘 별 숲 사이로
너라는 꽃이 피어나
그 세상의 반을 가진다 해도
그저 네 앞에선
꽃에 머물고픈
한 남자일 뿐

오롯이 나를 비춰요
어둠이 드리워도 눈이 부시게
눈물조차
반짝이는 밤의 기적을 노래하네

너의 이름이 긴 밤을 지나
찰나가 영원이 될 때
얼마나 내가 널 좋아하면
달에 네 목소리가 보여

오색 빛 하늘 별 숲 사이로
너라는 꽃이 피어나
그 세상의 반을 가진다 해도
그저 네 앞에선
꽃에 머물고픈 남자일 뿐

밤 하늘 수놓인 모든 것들이
운명 위로 내리는 걸
내 꿈에 안긴 널
한 번 더 가득히 안아
시간을 넘어
빛이 닿는 세계의 바깥까지 함께
너의 깊은 미소의
황홀 속 일렁임은
영원과 이어질 거야

얼마나 내가 널 원하는지
눈을 감아도 너와 마주쳐

쏟아지는 달빛의 선율을 따라
자유의 날개로 향하는 봄날엔
너의 유일한 숨결이 분다"
29,strawberry moon,6132120,,mrRXgIAyLSg,아이유(IU),strawberry moon,https://image.bugsm.co.kr/album/images/500/40662/4066238.jpg,6132120,03:25,"달이 익어가니 서둘러 젊은 피야
민들레 한 송이 들고
사랑이 어지러이 떠다니는 밤이야
날아가 사뿐히 이루렴
팽팽한 어둠 사이로
떠오르는 기분
이 거대한 무중력에 혹 휘청해도
두렵진 않을 거야
푸르른 우리 위로
커다란 strawberry moon 한 스쿱
나에게 너를 맡겨볼래 eh oh
바람을 세로질러
날아오르는 기분 so cool
삶이 어떻게 더 완벽해 ooh
다시 마주하기 어려운 행운이야
온몸에 심장이 뛰어
Oh 오히려 기꺼이 헤매고픈 밤이야
너와 길 잃을 수 있다면
맞잡은 서로의 손으로
출입구를 허문
이 무한함의 끝과 끝 또 위아래로
비행을 떠날 거야
푸르른 우리 위로
커다란 strawberry moon 한 스쿱
나에게 너를 맡겨볼래 eh oh
바람을 세로질러
날아오르는 기분 so cool
삶이 어떻게 더 완벽해 ooh
놀라워 이보다
꿈같은 순간이 또 있을까 (더 있을까)
아마도 우리가 처음 발견한
오늘 이 밤의 모든 것 그 위로 날아
푸르른 우리 위로
커다란 strawberry moon 한 스쿱
세상을 가져보니 어때 eh oh
바람을 세로질러
날아오르는 기분 so cool
삶이 어떻게 더 완벽해 ooh"
30,Butter,32238640,,Y5iFunAQT_c,방탄소년단,Butter,https://image.bugsm.co.kr/album/images/500/203980/20398006.jpg,32238640,02:44,"Smooth like butter
Like a criminal undercover
Gon' pop like trouble
Breakin' into your heart like that
Cool shade stunner
Yeah I owe it all to my mother
Hot like summer
Yeah I'm makin' you sweat like that
Break it down
Oh when I look in the mirror
I'll melt your heart into 2
I got that superstar glow so
Do the boogie like
Side step right left to my beat (Heartbeat)
High like the moon rock with me baby
Know that I got that heat
Let me show you 'cause talk is cheap
Side step right left to my beat (Heartbeat)
Get it let it roll
Smooth like butter
Pull you in like no other
Don't need no Usher
To remind me you got it bad
Ain't no other
That can sweep you up like a robber
Straight up I got ya
Makin' you fall like that
Break it down
Oh when I look in the mirror
I'll melt your heart into 2
I got that superstar glow so
Do the boogie like
Side step right left to my beat (Heartbeat)
High like the moon rock with me baby
Know that I got that heat
Let me show you 'cause talk is cheap
Side step right left to my beat (Heartbeat)
Get it let it roll
Get it let it roll
Get it let it roll
No ice on my wrist
I'm that n-ice guy
Got that right body and that right mind
Rollin' up to party got the right vibe
Smooth like butter
Hate us love us
Fresh boy pull up and we lay low
All the playas get movin' when the bass low
Got ARMY right behind us when we say so
Let's go
Side step right left to my beat (Heartbeat)
High like the moon rock with me baby
Know that I got that heat
Let me show you 'cause talk is cheap
Side step right left to my beat (Heartbeat)
Get it let it roll
Smooth like (Butter)
Cool shade (Stunner)
And you know we don't stop
Hot like (Summer)
Ain't no (Bummer)
You be like oh my god
We gon' make you rock and you say (Yeah)
We gon' make you bounce and you say (Yeah)
Hotter?
Sweeter
Cooler?
Butter
Get it let it roll"
31,四千年 - 夜明け (Yosennen - Yoruake),2014108,,sCbvR8G8uEg,Vanilla Mood(바닐라 무드),Tales Weaver Exceed By Vanilla Mood (Tales Weaver Presents 6th Anniversary Special Album),https://image.bugsm.co.kr/album/images/500/2266/226697.jpg,2014108,03:55,
